<AlertDefinition xmlns:i="http://www.w3.org/2001/XMLSchema-instance" xmlns="http://schemas.datacontract.org/2004/07/SolarWinds.Orion.Core.Alerting.Models"><AlertID>116</AlertID><AlertMessage>High packet loss</AlertMessage><AlertRefID>633d4062-e46e-413e-9c5e-ae391de4ac03</AlertRefID><Canned>false</Canned><Category /><CreatedBy>GB\159dlace</CreatedBy><CustomProperties xmlns:d2p1="http://schemas.microsoft.com/2003/10/Serialization/Arrays" /><Description>Percent packet loss over the last few minutes. Packet loss is calculated from the number of ICMP packets that are dropped when polling the node. This alert will trigger an incident in PagerDuty when packet loss rises above 40% and resolve the incident when it drops back below 5%.</Description><Enabled>true</Enabled><ExecutionTimePeriods xmlns:d2p1="http://schemas.solarwinds.com/2008/Core" /><Frequency>PT1M</Frequency><LastEdit>2019-05-09T13:33:38.5266667Z</LastEdit><Name>Alert me via PagerDuty when there's high packet loss</Name><NotificationEnabled>false</NotificationEnabled><NotificationSettings xmlns:d2p1="http://schemas.solarwinds.com/2008/Core"><d2p1:Enabled>false</d2p1:Enabled><d2p1:NetObjectType>Node</d2p1:NetObjectType><d2p1:Severity>Notice</d2p1:Severity><d2p1:Subject /><d2p1:_properties xmlns:d3p1="http://schemas.microsoft.com/2003/10/Serialization/Arrays"><d3p1:KeyValueOfstringAlertNotificationProperty9sQWCBBt><d3p1:Key>IP Address</d3p1:Key><d3p1:Value><d2p1:Name>IP Address</d2p1:Name><d2p1:Value>${IP_Address}</d2p1:Value></d3p1:Value></d3p1:KeyValueOfstringAlertNotificationProperty9sQWCBBt><d3p1:KeyValueOfstringAlertNotificationProperty9sQWCBBt><d3p1:Key>Object Sub Type</d3p1:Key><d3p1:Value><d2p1:Name>Object Sub Type</d2p1:Name><d2p1:Value>${ObjectSubType}</d2p1:Value></d3p1:Value></d3p1:KeyValueOfstringAlertNotificationProperty9sQWCBBt><d3p1:KeyValueOfstringAlertNotificationProperty9sQWCBBt><d3p1:Key>Status Description</d3p1:Key><d3p1:Value><d2p1:Name>Status Description</d2p1:Name><d2p1:Value>${StatusDescription}</d2p1:Value></d3p1:Value></d3p1:KeyValueOfstringAlertNotificationProperty9sQWCBBt><d3p1:KeyValueOfstringAlertNotificationProperty9sQWCBBt><d3p1:Key>Node Name</d3p1:Key><d3p1:Value><d2p1:Name>Node Name</d2p1:Name><d2p1:Value>${SysName}</d2p1:Value></d3p1:Value></d3p1:KeyValueOfstringAlertNotificationProperty9sQWCBBt><d3p1:KeyValueOfstringAlertNotificationProperty9sQWCBBt><d3p1:Key>Vendor</d3p1:Key><d3p1:Value><d2p1:Name>Vendor</d2p1:Name><d2p1:Value>${Vendor}</d2p1:Value></d3p1:Value></d3p1:KeyValueOfstringAlertNotificationProperty9sQWCBBt></d2p1:_properties></NotificationSettings><ObjectType>Node</ObjectType><Reset><Conditions><ConditionChainItem><AndThenTimeInterval i:nil="true" /><ChainType>ResetCustom</ChainType><Condition xmlns:d5p1="http://schemas.datacontract.org/2004/07/SolarWinds.Orion.Core.Models.Alerting" xmlns:d5p2="http://schemas.datacontract.org/2004/07/SolarWinds.Orion.Core.Alerting.Plugins.Conditions.Dynamic" i:type="d5p2:AlertConditionDynamic"><d5p2:ExprTree><d5p1:Child><d5p1:Expr><d5p1:Child><d5p1:Expr><d5p1:Child /><d5p1:NodeType>Field</d5p1:NodeType><d5p1:Value>Orion.Nodes|PercentLoss</d5p1:Value></d5p1:Expr><d5p1:Expr><d5p1:Child /><d5p1:NodeType>Constant</d5p1:NodeType><d5p1:Value>5</d5p1:Value></d5p1:Expr></d5p1:Child><d5p1:NodeType>Operator</d5p1:NodeType><d5p1:Value>&lt;</d5p1:Value></d5p1:Expr></d5p1:Child><d5p1:NodeType>Operator</d5p1:NodeType><d5p1:Value>AND</d5p1:Value></d5p2:ExprTree><d5p2:Scope i:nil="true" /><d5p2:TimeWindow i:nil="true" /></Condition><ConjunctionOperator>None</ConjunctionOperator><IsInvertedMinCountThreshold>false</IsInvertedMinCountThreshold><NetObjectsMinCountThreshold i:nil="true" /><ObjectType>Node</ObjectType><SustainTime i:nil="true" /><Type xmlns:d5p1="http://schemas.datacontract.org/2004/07/SolarWinds.Orion.Core.Alerting.Plugins.Conditions.Dynamic" i:type="d5p1:ConditionTypeDynamic" /></ConditionChainItem></Conditions></Reset><ResetActions xmlns:d2p1="http://schemas.solarwinds.com/2008/Orion"><d2p1:ActionDefinition><d2p1:ActionProperties><d2p1:ActionProperty><d2p1:IsShared>false</d2p1:IsShared><d2p1:PropertyName>executionIfAknowledge</d2p1:PropertyName><d2p1:PropertyValue>False</d2p1:PropertyValue></d2p1:ActionProperty><d2p1:ActionProperty><d2p1:IsShared>false</d2p1:IsShared><d2p1:PropertyName>executionRepeatTimeSpan</d2p1:PropertyName><d2p1:PropertyValue>0</d2p1:PropertyValue></d2p1:ActionProperty><d2p1:ActionProperty><d2p1:IsShared>false</d2p1:IsShared><d2p1:PropertyName>HttpRequestBody</d2p1:PropertyName><d2p1:PropertyValue>{
  "payload": {
    "summary": "Packet loss for ${NodeName} has dropped from above 40% to below 5% and is currently ${Node.PercentLoss}",
    "source": "${N=SwisEntity;M=Caption}",
    "severity": "critical"
  },
  "routing_key": "${SQL: SELECT Nodes.PDIntegrationKey FROM Nodes WHERE NodeID='${NodeID}'}",
  "dedup_key": "${NodeName}_PacketLoss",
  "event_action": "resolve"
}</d2p1:PropertyValue></d2p1:ActionProperty><d2p1:ActionProperty><d2p1:IsShared>false</d2p1:IsShared><d2p1:PropertyName>HttpRequestMethod</d2p1:PropertyName><d2p1:PropertyValue>2</d2p1:PropertyValue></d2p1:ActionProperty><d2p1:ActionProperty><d2p1:IsShared>false</d2p1:IsShared><d2p1:PropertyName>HttpRequestUrl</d2p1:PropertyName><d2p1:PropertyValue>https://events.pagerduty.com/v2/enqueue</d2p1:PropertyValue></d2p1:ActionProperty></d2p1:ActionProperties><d2p1:ActionTypeID>SendHttpRequest</d2p1:ActionTypeID><d2p1:Description>Post to https://events.pagerduty.com/v2/enqueue</d2p1:Description><d2p1:Enabled>true</d2p1:Enabled><d2p1:ID>238</d2p1:ID><d2p1:IconPath i:nil="true" /><d2p1:IsShared>false</d2p1:IsShared><d2p1:Order>1</d2p1:Order><d2p1:TimePeriods xmlns:d4p1="http://schemas.solarwinds.com/2008/Core" /><d2p1:Title>Resolve via POST</d2p1:Title><d2p1:TransitiveID i:nil="true" /></d2p1:ActionDefinition></ResetActions><Severity>Critical</Severity><Trigger><Conditions><ConditionChainItem><AndThenTimeInterval i:nil="true" /><ChainType>Trigger</ChainType><Condition xmlns:d5p1="http://schemas.datacontract.org/2004/07/SolarWinds.Orion.Core.Models.Alerting" xmlns:d5p2="http://schemas.datacontract.org/2004/07/SolarWinds.Orion.Core.Alerting.Plugins.Conditions.Dynamic" i:type="d5p2:AlertConditionDynamic"><d5p2:ExprTree><d5p1:Child><d5p1:Expr><d5p1:Child><d5p1:Expr><d5p1:Child /><d5p1:NodeType>Field</d5p1:NodeType><d5p1:Value>Orion.Nodes|PercentLoss</d5p1:Value></d5p1:Expr><d5p1:Expr><d5p1:Child /><d5p1:NodeType>Constant</d5p1:NodeType><d5p1:Value>40</d5p1:Value></d5p1:Expr></d5p1:Child><d5p1:NodeType>Operator</d5p1:NodeType><d5p1:Value>&gt;</d5p1:Value></d5p1:Expr></d5p1:Child><d5p1:NodeType>Operator</d5p1:NodeType><d5p1:Value>AND</d5p1:Value></d5p2:ExprTree><d5p2:Scope i:nil="true" /><d5p2:TimeWindow i:nil="true" /></Condition><ConjunctionOperator>None</ConjunctionOperator><IsInvertedMinCountThreshold>false</IsInvertedMinCountThreshold><NetObjectsMinCountThreshold i:nil="true" /><ObjectType>Node</ObjectType><SustainTime i:nil="true" /><Type xmlns:d5p1="http://schemas.datacontract.org/2004/07/SolarWinds.Orion.Core.Alerting.Plugins.Conditions.Dynamic" i:type="d5p1:ConditionTypeDynamic" /></ConditionChainItem></Conditions></Trigger><TriggerActions xmlns:d2p1="http://schemas.solarwinds.com/2008/Orion"><d2p1:ActionDefinition><d2p1:ActionProperties><d2p1:ActionProperty><d2p1:IsShared>false</d2p1:IsShared><d2p1:PropertyName>EscalationLevel</d2p1:PropertyName><d2p1:PropertyValue>0</d2p1:PropertyValue></d2p1:ActionProperty><d2p1:ActionProperty><d2p1:IsShared>false</d2p1:IsShared><d2p1:PropertyName>executionIfAknowledge</d2p1:PropertyName><d2p1:PropertyValue>True</d2p1:PropertyValue></d2p1:ActionProperty><d2p1:ActionProperty><d2p1:IsShared>false</d2p1:IsShared><d2p1:PropertyName>executionRepeatTimeSpan</d2p1:PropertyName><d2p1:PropertyValue>0</d2p1:PropertyValue></d2p1:ActionProperty><d2p1:ActionProperty><d2p1:IsShared>false</d2p1:IsShared><d2p1:PropertyName>HttpRequestBody</d2p1:PropertyName><d2p1:PropertyValue>{
  "payload": {
    "summary": "Packet loss for ${NodeName} has risen above 40% to ${Node.PercentLoss}",
    "source": "${N=SwisEntity;M=Caption}",
    "severity": "critical",
    "component": "${N=SwisEntity;M=MachineType}",
    "custom_details": {
      "Average Response Time": "${AvgResponseTime}",
      "Minimum Response Time": "${MinResponseTime}",
      "Maximum Response Time": "${MaxResponseTime}",
      "Loss": "${PercentLoss}"
    }
  },
  "routing_key": "${SQL: SELECT Nodes.PDIntegrationKey FROM Nodes WHERE NodeID='${NodeID}'}",
  "dedup_key": "${NodeName}_PacketLoss",
  "event_action": "trigger",
  "client": "SolarWinds Orion",
  "client_url": "${NodeDetailsURL}"
}</d2p1:PropertyValue></d2p1:ActionProperty><d2p1:ActionProperty><d2p1:IsShared>false</d2p1:IsShared><d2p1:PropertyName>HttpRequestMethod</d2p1:PropertyName><d2p1:PropertyValue>2</d2p1:PropertyValue></d2p1:ActionProperty><d2p1:ActionProperty><d2p1:IsShared>false</d2p1:IsShared><d2p1:PropertyName>HttpRequestUrl</d2p1:PropertyName><d2p1:PropertyValue>https://events.pagerduty.com/v2/enqueue</d2p1:PropertyValue></d2p1:ActionProperty></d2p1:ActionProperties><d2p1:ActionTypeID>SendHttpRequest</d2p1:ActionTypeID><d2p1:Description>Post to https://events.pagerduty.com/v2/enqueue</d2p1:Description><d2p1:Enabled>true</d2p1:Enabled><d2p1:ID>239</d2p1:ID><d2p1:IconPath i:nil="true" /><d2p1:IsShared>false</d2p1:IsShared><d2p1:Order>1</d2p1:Order><d2p1:TimePeriods xmlns:d4p1="http://schemas.solarwinds.com/2008/Core" /><d2p1:Title>Trigger via POST</d2p1:Title><d2p1:TransitiveID i:nil="true" /></d2p1:ActionDefinition></TriggerActions><Uri>swis://server-name.example-orion-server.com/Orion/Orion.AlertConfigurations/AlertID=116</Uri></AlertDefinition>