<AlertDefinition xmlns:i="http://www.w3.org/2001/XMLSchema-instance" xmlns="http://schemas.datacontract.org/2004/07/SolarWinds.Orion.Core.Alerting.Models"><AlertID>115</AlertID><AlertMessage /><AlertRefID>283abc3b-f59b-46fd-8e27-2ae0fdbd209d</AlertRefID><Canned>false</Canned><Category /><CreatedBy>GB\159dlace</CreatedBy><CustomProperties xmlns:d2p1="http://schemas.microsoft.com/2003/10/Serialization/Arrays" /><Description>This alert will trigger an incident in PagerDuty when the date and time a machine last booted changes.</Description><Enabled>true</Enabled><ExecutionTimePeriods xmlns:d2p1="http://schemas.solarwinds.com/2008/Core" /><Frequency>PT1M</Frequency><LastEdit>2019-05-09T13:15:51.26Z</LastEdit><Name>Alert me via PagerDuty when a node has rebooted</Name><NotificationEnabled>false</NotificationEnabled><NotificationSettings xmlns:d2p1="http://schemas.solarwinds.com/2008/Core"><d2p1:Enabled>false</d2p1:Enabled><d2p1:NetObjectType>Node</d2p1:NetObjectType><d2p1:Severity>Notice</d2p1:Severity><d2p1:Subject /><d2p1:_properties xmlns:d3p1="http://schemas.microsoft.com/2003/10/Serialization/Arrays"><d3p1:KeyValueOfstringAlertNotificationProperty9sQWCBBt><d3p1:Key>IP Address</d3p1:Key><d3p1:Value><d2p1:Name>IP Address</d2p1:Name><d2p1:Value>${IP_Address}</d2p1:Value></d3p1:Value></d3p1:KeyValueOfstringAlertNotificationProperty9sQWCBBt><d3p1:KeyValueOfstringAlertNotificationProperty9sQWCBBt><d3p1:Key>Object Sub Type</d3p1:Key><d3p1:Value><d2p1:Name>Object Sub Type</d2p1:Name><d2p1:Value>${ObjectSubType}</d2p1:Value></d3p1:Value></d3p1:KeyValueOfstringAlertNotificationProperty9sQWCBBt><d3p1:KeyValueOfstringAlertNotificationProperty9sQWCBBt><d3p1:Key>Status Description</d3p1:Key><d3p1:Value><d2p1:Name>Status Description</d2p1:Name><d2p1:Value>${StatusDescription}</d2p1:Value></d3p1:Value></d3p1:KeyValueOfstringAlertNotificationProperty9sQWCBBt><d3p1:KeyValueOfstringAlertNotificationProperty9sQWCBBt><d3p1:Key>Node Name</d3p1:Key><d3p1:Value><d2p1:Name>Node Name</d2p1:Name><d2p1:Value>${SysName}</d2p1:Value></d3p1:Value></d3p1:KeyValueOfstringAlertNotificationProperty9sQWCBBt><d3p1:KeyValueOfstringAlertNotificationProperty9sQWCBBt><d3p1:Key>Vendor</d3p1:Key><d3p1:Value><d2p1:Name>Vendor</d2p1:Name><d2p1:Value>${Vendor}</d2p1:Value></d3p1:Value></d3p1:KeyValueOfstringAlertNotificationProperty9sQWCBBt></d2p1:_properties></NotificationSettings><ObjectType>Node</ObjectType><Reset><Conditions><ConditionChainItem><AndThenTimeInterval i:nil="true" /><ChainType>ResetAfterTimeout</ChainType><Condition xmlns:d5p1="http://schemas.datacontract.org/2004/07/SolarWinds.Orion.Core.Models.Alerting" i:nil="true" /><ConjunctionOperator>None</ConjunctionOperator><IsInvertedMinCountThreshold>false</IsInvertedMinCountThreshold><NetObjectsMinCountThreshold i:nil="true" /><ObjectType i:nil="true" /><SustainTime>PT1M24S</SustainTime><Type i:nil="true" /></ConditionChainItem></Conditions></Reset><ResetActions xmlns:d2p1="http://schemas.solarwinds.com/2008/Orion" /><Severity>Critical</Severity><Trigger><Conditions><ConditionChainItem><AndThenTimeInterval i:nil="true" /><ChainType>Trigger</ChainType><Condition xmlns:d5p1="http://schemas.datacontract.org/2004/07/SolarWinds.Orion.Core.Models.Alerting" xmlns:d5p2="http://schemas.datacontract.org/2004/07/SolarWinds.Orion.Core.Alerting.Plugins.Conditions.Dynamic" i:type="d5p2:AlertConditionDynamic"><d5p2:ExprTree><d5p1:Child><d5p1:Expr><d5p1:Child><d5p1:Expr><d5p1:Child /><d5p1:NodeType>Constant</d5p1:NodeType><d5p1:Value>True</d5p1:Value></d5p1:Expr><d5p1:Expr><d5p1:Child /><d5p1:NodeType>Constant</d5p1:NodeType><d5p1:Value>0</d5p1:Value></d5p1:Expr><d5p1:Expr><d5p1:Child /><d5p1:NodeType>Constant</d5p1:NodeType><d5p1:Value>0</d5p1:Value></d5p1:Expr></d5p1:Child><d5p1:NodeType>Event</d5p1:NodeType><d5p1:Value>[updateEvent].Orion.Nodes|LastBoot</d5p1:Value></d5p1:Expr></d5p1:Child><d5p1:NodeType>Operator</d5p1:NodeType><d5p1:Value>AND</d5p1:Value></d5p2:ExprTree><d5p2:Scope i:nil="true" /><d5p2:TimeWindow i:nil="true" /></Condition><ConjunctionOperator>None</ConjunctionOperator><IsInvertedMinCountThreshold>false</IsInvertedMinCountThreshold><NetObjectsMinCountThreshold i:nil="true" /><ObjectType>Node</ObjectType><SustainTime i:nil="true" /><Type xmlns:d5p1="http://schemas.datacontract.org/2004/07/SolarWinds.Orion.Core.Alerting.Plugins.Conditions.Dynamic" i:type="d5p1:ConditionTypeDynamic" /></ConditionChainItem></Conditions></Trigger><TriggerActions xmlns:d2p1="http://schemas.solarwinds.com/2008/Orion"><d2p1:ActionDefinition><d2p1:ActionProperties><d2p1:ActionProperty><d2p1:IsShared>false</d2p1:IsShared><d2p1:PropertyName>EscalationLevel</d2p1:PropertyName><d2p1:PropertyValue>0</d2p1:PropertyValue></d2p1:ActionProperty><d2p1:ActionProperty><d2p1:IsShared>false</d2p1:IsShared><d2p1:PropertyName>executionIfAknowledge</d2p1:PropertyName><d2p1:PropertyValue>True</d2p1:PropertyValue></d2p1:ActionProperty><d2p1:ActionProperty><d2p1:IsShared>false</d2p1:IsShared><d2p1:PropertyName>executionRepeatTimeSpan</d2p1:PropertyName><d2p1:PropertyValue>0</d2p1:PropertyValue></d2p1:ActionProperty><d2p1:ActionProperty><d2p1:IsShared>false</d2p1:IsShared><d2p1:PropertyName>HttpRequestBody</d2p1:PropertyName><d2p1:PropertyValue>{
  "payload": {
    "summary": "${NodeName} has rebooted.",
    "source": "${N=SwisEntity;M=Caption}",
    "severity": "critical",
    "component": "${N=SwisEntity;M=MachineType}",
    "custom_details": {
      "Description": "${N=SwisEntity;M=NodeDescription}",
      "Application Name": "${N=Generic;M=Application}",
      "Node": " ${N=SwisEntity;M=Caption;F=OriginalValue}",
      "Last Boot Time": "${LastBoot}"
    }
  },
  "routing_key": "${SQL: SELECT Nodes.PDIntegrationKey FROM Nodes WHERE NodeID='${NodeID}'}",
  "dedup_key": "${NodeName}_reboot",
  "event_action": "trigger",
  "client": "SolarWinds Orion",
  "client_url": "${NodeDetailsURL}"
}</d2p1:PropertyValue></d2p1:ActionProperty><d2p1:ActionProperty><d2p1:IsShared>false</d2p1:IsShared><d2p1:PropertyName>HttpRequestMethod</d2p1:PropertyName><d2p1:PropertyValue>2</d2p1:PropertyValue></d2p1:ActionProperty><d2p1:ActionProperty><d2p1:IsShared>false</d2p1:IsShared><d2p1:PropertyName>HttpRequestUrl</d2p1:PropertyName><d2p1:PropertyValue>https://events.pagerduty.com/v2/enqueue</d2p1:PropertyValue></d2p1:ActionProperty></d2p1:ActionProperties><d2p1:ActionTypeID>SendHttpRequest</d2p1:ActionTypeID><d2p1:Description>Post to https://events.pagerduty.com/v2/enqueue</d2p1:Description><d2p1:Enabled>true</d2p1:Enabled><d2p1:ID>233</d2p1:ID><d2p1:IconPath i:nil="true" /><d2p1:IsShared>false</d2p1:IsShared><d2p1:Order>1</d2p1:Order><d2p1:TimePeriods xmlns:d4p1="http://schemas.solarwinds.com/2008/Core" /><d2p1:Title>Trigger via POST</d2p1:Title><d2p1:TransitiveID i:nil="true" /></d2p1:ActionDefinition></TriggerActions><Uri>swis://server-name.example-orion-server.com/Orion/Orion.AlertConfigurations/AlertID=115</Uri></AlertDefinition>